{"cameraMode":{"drawMode":0,"name":"Shaded","section":"Shading Mode"},"sceneLighting":true,"audioPlay":false,"sceneViewState":{"showFog":true,"showMaterialUpdate":false,"showSkybox":true,"showFlares":true,"showImageEffects":true,"showParticleSystems":true},"in2DMode":false,"pivot":{"x":-13.315664291381836,"y":-8.513349533081055,"z":-9.533775329589844},"rotation":{"x":-0.11335452646017075,"y":0.8460559248924255,"z":-0.199269637465477,"w":-0.4812813699245453},"size":23.18950080871582,"orthographic":false}