{"cameraMode":{"drawMode":0,"name":"Shaded","section":"Shading Mode"},"sceneLighting":true,"audioPlay":false,"sceneViewState":{"showFog":true,"showMaterialUpdate":false,"showSkybox":true,"showFlares":true,"showImageEffects":true,"showParticleSystems":true},"in2DMode":false,"pivot":{"x":0.4187507629394531,"y":-0.6620721817016602,"z":-0.12746953964233399},"rotation":{"x":-0.06688765436410904,"y":0.9284219741821289,"z":-0.20548075437545777,"w":-0.3022189438343048},"size":6.440711498260498,"orthographic":false}