{"cameraMode":{"drawMode":0,"name":"Shaded","section":"Shading Mode"},"sceneLighting":true,"audioPlay":false,"sceneViewState":{"showFog":true,"showMaterialUpdate":false,"showSkybox":true,"showFlares":true,"showImageEffects":true,"showParticleSystems":true},"in2DMode":false,"pivot":{"x":6.597900390625,"y":8.849609375,"z":-10.29296875},"rotation":{"x":0.21121159195899964,"y":-0.040451034903526309,"z":0.008747258223593235,"w":0.9765638113021851},"size":21.321165084838868,"orthographic":true}