{"cameraMode":{"drawMode":0,"name":"Shaded","section":"Shading Mode"},"sceneLighting":true,"audioPlay":false,"sceneViewState":{"showFog":true,"showMaterialUpdate":false,"showSkybox":true,"showFlares":true,"showImageEffects":true,"showParticleSystems":true},"in2DMode":false,"pivot":{"x":-2.484375,"y":3.1064453125,"z":2.8861083984375},"rotation":{"x":-0.0014996054815128446,"y":0.017998892813920976,"z":-0.000026469897420611233,"w":-0.9998369216918945},"size":11.778206825256348,"orthographic":true}