{"cameraMode":{"drawMode":0,"name":"Shaded","section":"Shading Mode"},"sceneLighting":true,"audioPlay":false,"sceneViewState":{"showFog":true,"showMaterialUpdate":false,"showSkybox":true,"showFlares":true,"showImageEffects":true,"showParticleSystems":true},"in2DMode":false,"pivot":{"x":-1.44146728515625,"y":6.2314453125,"z":-10.8076171875},"rotation":{"x":-0.30687424540519717,"y":-0.022834032773971559,"z":0.007377473171800375,"w":-0.9514475464820862},"size":9.011690139770508,"orthographic":true}