{"cameraMode":{"drawMode":0,"name":"Shaded","section":"Shading Mode"},"sceneLighting":true,"audioPlay":false,"sceneViewState":{"showFog":true,"showMaterialUpdate":false,"showSkybox":true,"showFlares":true,"showImageEffects":true,"showParticleSystems":true},"in2DMode":false,"pivot":{"x":1.3669586181640626,"y":5.4501953125,"z":-11.435546875},"rotation":{"x":-0.22748665511608125,"y":-0.005838410928845406,"z":0.0013763507595285774,"w":-0.9737627506256104},"size":11.793731689453125,"orthographic":true}