{"cameraMode":{"drawMode":0,"name":"Shaded","section":"Shading Mode"},"sceneLighting":false,"audioPlay":false,"sceneViewState":{"showFog":true,"showMaterialUpdate":false,"showSkybox":false,"showFlares":true,"showImageEffects":true,"showParticleSystems":true},"in2DMode":false,"pivot":{"x":0.0,"y":1.6959998607635499,"z":6.970000267028809},"rotation":{"x":0.3922191560268402,"y":0.25971224904060366,"z":-0.11641557514667511,"w":0.8747349381446838},"size":5.604214668273926,"orthographic":true}