{"cameraMode":{"drawMode":0,"name":"Shaded","section":"Shading Mode"},"sceneLighting":true,"audioPlay":false,"sceneViewState":{"showFog":true,"showMaterialUpdate":false,"showSkybox":true,"showFlares":true,"showImageEffects":true,"showParticleSystems":true},"in2DMode":false,"pivot":{"x":0.886945903301239,"y":3.93115234375,"z":-7.998046875},"rotation":{"x":-0.313920795917511,"y":-0.0313190221786499,"z":0.010374230332672596,"w":-0.9488758444786072},"size":9.677285194396973,"orthographic":true}