{"cameraMode":{"drawMode":0,"name":"Shaded","section":"Shading Mode"},"sceneLighting":true,"audioPlay":false,"sceneViewState":{"showFog":false,"showMaterialUpdate":false,"showSkybox":false,"showFlares":false,"showImageEffects":false,"showParticleSystems":false},"in2DMode":false,"pivot":{"x":0.13126853108406068,"y":-0.784050464630127,"z":-2.613067150115967},"rotation":{"x":-0.012983651831746102,"y":0.9308958053588867,"z":-0.3635369539260864,"w":-0.03324711695313454},"size":9.915569305419922,"orthographic":false}